<portfolio><stocks><stock ticker="NFLX"><date value="2024-01-01"><stock><time>2024-01-01</time><open>10.00</open><high>10.00</high><low>10.00</low><close>10.00</close><volume>10</volume><ticker>NFLX</ticker></stock></date></stock><stock ticker="GOOG"><date value="2024-01-01"><stock><time>2024-01-01</time><open>10.00</open><high>10.00</high><low>10.00</low><close>10.00</close><volume>10</volume><ticker>GOOG</ticker></stock></date></stock><stock ticker="AMZN"><date value="2024-01-01"><stock><time>2024-01-01</time><open>10.00</open><high>10.00</high><low>10.00</low><close>10.00</close><volume>10</volume><ticker>AMZN</ticker></stock></date></stock></stocks><shares><share ticker="NFLX"><date value="2024-01-01">10.0</date></share><share ticker="GOOG"><date value="2024-01-01">10.0</date></share><share ticker="AMZN"><date value="2024-01-01">10.0</date></share></shares></portfolio>